{
  "os-linux": {
    "alpine": [
      "linux/386",
      "linux/amd64",
      "linux/arm/v7",
      "linux/arm64",
      "linux/s390x",
      "linux/ppc64le",
      "linux/riscv64"
    ],
    "centos": [
      "linux/amd64",
      "linux/arm64",
      "linux/ppc64le"
    ],
    "ol": [
      "linux/amd64",
      "linux/arm64"
    ],
    "rhel": [
      "X64",
      "ARM64"
    ],
    "ubuntu": [
      "linux/amd64",
      "linux/arm/v7",
      "linux/arm64",
      "linux/s390x",
      "linux/riscv64"
    ]
  },
  "os-windows": {
    "windows-2019": "ltsc2019",
    "windows-2022": "ltsc2022"
  },
  "components": {
    "agent": { "base": "build-mysql", "rhel": true, "rhel_project": "63f30e7a9b0ca19f84ed9bad" },
    "agent2": { "base": "build-mysql", "rhel": true, "rhel_project": "63f30e0f0483afdd5e26f6f5" },
    "java-gateway": { "base": "build-mysql", "rhel": true, "rhel_project": "63f30e3c51aac3123e043e54" },
    "proxy-mysql": { "base": "build-mysql", "rhel": true, "rhel_project": "63f30e4f8f6bfc30cd1440d8" },
    "proxy-sqlite3": { "base": "build-sqlite3", "rhel": true, "rhel_project": "63f30e273f0b02a2e2cbdad1" },
    "server-mysql": { "base": "build-mysql", "rhel": true, "rhel_project": "63f30e629b0ca19f84ed9b80" },
    "server-pgsql": { "base": "build-pgsql", "rhel": true, "rhel_project": "" },
    "snmptraps": { "base": "", "rhel": true, "rhel_project": "63f30e2d0ef1d13d82d39793" },
    "web-apache-mysql": { "base": "build-mysql", "rhel": false },
    "web-apache-pgsql": { "base": "build-pgsql", "rhel": false },
    "web-nginx-mysql": { "base": "build-mysql", "rhel": true, "rhel_project": "63f30e478857871bae486514" },
    "web-nginx-pgsql": { "base": "build-mysql", "rhel": true, "rhel_project": "" },
    "web-service": { "base": "build-mysql", "rhel": true, "rhel_project": "63f30e3a3854c988f07dacbe" }
  }
}
